Segment_ID,DateTime,Segment_VAD_Emotion
0,2014-06-01 14:24:22+00:00,"{""valence"": 0.6259751388888889, ""arousal"": 0.4785590277777777, ""dominance"": 0.5367756944444446, ""emotion"": [0.005555555555555555, 0.06180555555555556, 0.1798611111111111, 0.16666666666666669, 0.0, 0.05625, 0.175, 0.005555555555555555]}"
1,2014-06-14 06:51:08+00:00,"{""valence"": 0.6637810279667422, ""arousal"": 0.4867404761904761, ""dominance"": 0.5378001889644746, ""emotion"": [0.01904761904761905, 0.009523809523809525, 0.04860166288737717, 0.14365079365079364, 0.03492063492063492, 0.025396825396825397, 0.09947089947089947, 0.009523809523809525]}"
2,2014-06-25 22:20:49+00:00,"{""valence"": 0.6508255411255411, ""arousal"": 0.4964637029637029, ""dominance"": 0.5450056693306693, ""emotion"": [0.03241758241758241, 0.041025641025641026, 0.12309357309357309, 0.034981684981684975, 0.08006993006993006, 0.049999999999999996, 0.06212121212121212, 0.0]}"
3,2014-07-04 02:03:42+00:00,"{""valence"": 0.5990159863945578, ""arousal"": 0.4742284013605441, ""dominance"": 0.5311775510204081, ""emotion"": [0.07142857142857142, 0.04285714285714286, 0.04353741496598639, 0.17091836734693877, 0.014285714285714287, 0.023809523809523808, 0.060884353741496595, 0.08163265306122448]}"
4,2014-07-06 12:20:59+00:00,"{""valence"": 0.6690998677248676, ""arousal"": 0.479589417989418, ""dominance"": 0.5346232804232804, ""emotion"": [0.02962962962962963, 0.04867724867724868, 0.12314814814814816, 0.0671957671957672, 0.018518518518518517, 0.06666666666666667, 0.04867724867724868, 0.027777777777777776]}"
5,2014-07-12 16:17:00+00:00,"{""valence"": 0.7053519978106185, ""arousal"": 0.46234551176792565, ""dominance"": 0.555878516694034, ""emotion"": [0.02216748768472906, 0.008620689655172414, 0.08653530377668309, 0.034482758620689655, 0.07298850574712644, 0.04261083743842365, 0.07216748768472905, 0.011494252873563218]}"
6,2014-07-18 20:10:06+00:00,"{""valence"": 0.6180266666666667, ""arousal"": 0.5266533333333333, ""dominance"": 0.5349983333333335, ""emotion"": [0.05333333333333333, 0.07333333333333333, 0.06333333333333332, 0.12, 0.01, 0.05333333333333333, 0.07666666666666666, 0.04333333333333333]}"
7,2014-07-26 03:45:50+00:00,"{""valence"": 0.6491805555555554, ""arousal"": 0.42716732804232804, ""dominance"": 0.5079917328042328, ""emotion"": [0.05423280423280422, 0.027777777777777776, 0.13657407407407407, 0.14914021164021163, 0.09953703703703703, 0.08333333333333333, 0.16435185185185186, 0.03571428571428571]}"
8,2014-07-29 17:13:52+00:00,"{""valence"": 0.5788145833333334, ""arousal"": 0.4881735119047619, ""dominance"": 0.5339462797619048, ""emotion"": [0.03645833333333333, 0.049479166666666664, 0.04114583333333333, 0.09895833333333334, 0.0, 0.03333333333333333, 0.05989583333333333, 0.06882440476190475]}"
9,2014-08-01 00:35:12+00:00,"{""valence"": 0.625907738095238, ""arousal"": 0.5019625, ""dominance"": 0.5321625, ""emotion"": [0.020833333333333336, 0.013095238095238096, 0.030357142857142853, 0.06011904761904763, 0.005952380952380952, 0.03511904761904762, 0.020833333333333336, 0.038690476190476185]}"
10,2014-08-04 14:48:14+00:00,"{""valence"": 0.5877492753623188, ""arousal"": 0.4705987577639752, ""dominance"": 0.47050455486542436, ""emotion"": [0.06387163561076604, 0.03561076604554865, 0.05993788819875776, 0.012422360248447204, 0.020703933747412008, 0.04430641821946169, 0.023291925465838508, 0.02981366459627329]}"
11,2014-08-06 20:11:42+00:00,"{""valence"": 0.6448304761904762, ""arousal"": 0.4958461904761904, ""dominance"": 0.5390776190476192, ""emotion"": [0.07, 0.07952380952380952, 0.04666666666666666, 0.15000000000000002, 0.04, 0.06333333333333332, 0.13619047619047617, 0.04666666666666666]}"
12,2014-08-07 18:10:07+00:00,"{""valence"": 0.6414703373015874, ""arousal"": 0.4781125992063492, ""dominance"": 0.534536359126984, ""emotion"": [0.0359375, 0.0125, 0.15225694444444443, 0.12569444444444444, 0.0703125, 0.0125, 0.11527777777777777, 0.0203125]}"
13,2014-08-10 18:52:21+00:00,"{""valence"": 0.6126575854700855, ""arousal"": 0.4793514363722698, ""dominance"": 0.5146520655270657, ""emotion"": [0.052884615384615384, 0.03127967711301045, 0.06606125356125356, 0.11734330484330485, 0.03668091168091167, 0.044753086419753084, 0.13123219373219375, 0.027777777777777776]}"
14,2014-08-13 12:21:39+00:00,"{""valence"": 0.5571383333333333, ""arousal"": 0.49184277777777774, ""dominance"": 0.49989444444444436, ""emotion"": [0.04111111111111111, 0.0761111111111111, 0.10944444444444444, 0.08722222222222223, 0.016666666666666666, 0.08277777777777778, 0.016666666666666666, 0.09666666666666666]}"
15,2014-08-16 11:06:02+00:00,"{""valence"": 0.587165, ""arousal"": 0.5154920833333334, ""dominance"": 0.5525558333333334, ""emotion"": [0.10541666666666667, 0.11208333333333334, 0.058333333333333334, 0.07666666666666666, 0.0125, 0.033749999999999995, 0.052500000000000005, 0.02]}"
16,2014-08-19 17:34:46+00:00,"{""valence"": 0.6673828320802004, ""arousal"": 0.45913621553884715, ""dominance"": 0.5365345864661654, ""emotion"": [0.04078947368421053, 0.02982456140350877, 0.13728070175438598, 0.04918546365914787, 0.021929824561403508, 0.007518796992481203, 0.09166666666666667, 0.03026315789473684]}"
17,2014-08-23 11:19:50+00:00,"{""valence"": 0.605272552910053, ""arousal"": 0.47824834656084647, ""dominance"": 0.5097299603174604, ""emotion"": [0.07314814814814814, 0.025, 0.12638888888888888, 0.0574074074074074, 0.0, 0.09444444444444444, 0.025, 0.12407407407407407]}"
18,2014-08-24 11:57:12+00:00,"{""valence"": 0.6567488095238094, ""arousal"": 0.4642797852474323, ""dominance"": 0.553860177404295, ""emotion"": [0.023202614379084968, 0.048039215686274506, 0.08888888888888889, 0.08496732026143793, 0.0542483660130719, 0.04019607843137255, 0.09787581699346404, 0.0065359477124183]}"
19,2014-08-26 00:53:34+00:00,"{""valence"": 0.6384700113378685, ""arousal"": 0.49106734693877546, ""dominance"": 0.5137484693877552, ""emotion"": [0.05759637188208616, 0.04285714285714285, 0.10521541950113379, 0.11156462585034012, 0.01473922902494331, 0.04285714285714285, 0.09501133786848073, 0.08888888888888889]}"
20,2014-08-28 13:12:52+00:00,"{""valence"": 0.6325438644688645, ""arousal"": 0.4549689560439561, ""dominance"": 0.5139961538461537, ""emotion"": [0.01282051282051282, 0.04487179487179487, 0.057371794871794876, 0.04743589743589743, 0.01282051282051282, 0.019230769230769232, 0.060256410256410264, 0.03333333333333333]}"
21,2014-09-02 19:24:41+00:00,"{""valence"": 0.6072117647058825, ""arousal"": 0.5325044117647059, ""dominance"": 0.554855882352941, ""emotion"": [0.05294117647058823, 0.023529411764705882, 0.0661764705882353, 0.10980392156862744, 0.10294117647058823, 0.041176470588235294, 0.07352941176470588, 0.04411764705882353]}"
22,2014-09-05 00:24:01+00:00,"{""valence"": 0.6305817176870747, ""arousal"": 0.4821636054421769, ""dominance"": 0.5363930272108843, ""emotion"": [0.06581632653061224, 0.060714285714285714, 0.08035714285714286, 0.07440476190476189, 0.0625, 0.03571428571428571, 0.08482142857142858, 0.04081632653061224]}"
23,2014-09-07 15:56:30+00:00,"{""valence"": 0.638257683982684, ""arousal"": 0.44056190476190477, ""dominance"": 0.520848051948052, ""emotion"": [0.03722943722943723, 0.06709956709956709, 0.04329004329004328, 0.10432900432900433, 0.03225108225108225, 0.06709956709956709, 0.04588744588744589, 0.05995670995670996]}"
24,2014-09-10 16:34:05+00:00,"{""valence"": 0.6073998274672187, ""arousal"": 0.45752726017943407, ""dominance"": 0.5001135610766045, ""emotion"": [0.07246376811594202, 0.04468599033816425, 0.06642512077294686, 0.051932367149758456, 0.010869565217391304, 0.050897170462387856, 0.04710144927536231, 0.07246376811594202]}"
25,2014-09-13 20:04:12+00:00,"{""valence"": 0.6327256944444445, ""arousal"": 0.5310368055555555, ""dominance"": 0.5482937499999999, ""emotion"": [0.008333333333333333, 0.015277777777777779, 0.049999999999999996, 0.035416666666666666, 0.029166666666666664, 0.01875, 0.11597222222222221, 0.049999999999999996]}"
26,2020-12-25 23:35:37+00:00,"{""valence"": 0.698868820861678, ""arousal"": 0.47618327664399085, ""dominance"": 0.582957596371882, ""emotion"": [0.06037414965986394, 0.05799319727891157, 0.058843537414965986, 0.0433673469387755, 0.02976190476190476, 0.006802721088435374, 0.10600907029478458, 0.015873015873015872]}"
27,2021-01-04 03:44:07+00:00,"{""valence"": 0.573981349206349, ""arousal"": 0.4946315759637189, ""dominance"": 0.5877150793650794, ""emotion"": [0.0747732426303855, 0.09671201814058958, 0.09234693877551019, 0.16377551020408163, 0.08293650793650793, 0.11099773242630386, 0.08214285714285714, 0.08055555555555556]}"
28,2021-01-08 05:22:31+00:00,"{""valence"": 0.5732650793650793, ""arousal"": 0.5108746031746031, ""dominance"": 0.552963492063492, ""emotion"": [0.15674603174603177, 0.07738095238095237, 0.10357142857142856, 0.052380952380952375, 0.02619047619047619, 0.051587301587301584, 0.08571428571428572, 0.023809523809523808]}"
29,2021-01-10 23:02:37+00:00,"{""valence"": 0.4380420634920635, ""arousal"": 0.5636664021164021, ""dominance"": 0.5257515873015872, ""emotion"": [0.3283068783068783, 0.16164021164021164, 0.016666666666666666, 0.030158730158730156, 0.09814814814814815, 0.06322751322751323, 0.01111111111111111, 0.09259259259259259]}"
30,2021-01-17 05:11:51+00:00,"{""valence"": 0.6280238816738817, ""arousal"": 0.4994674362674362, ""dominance"": 0.5435494408369408, ""emotion"": [0.07914862914862915, 0.01616161616161616, 0.07043650793650794, 0.0496031746031746, 0.018518518518518517, 0.006944444444444444, 0.05972222222222222, 0.043939393939393945]}"
31,2021-01-22 08:19:22+00:00,"{""valence"": 0.5963410714285714, ""arousal"": 0.4718869047619048, ""dominance"": 0.5287066964285715, ""emotion"": [0.07767857142857143, 0.07142857142857142, 0.084375, 0.1386160714285714, 0.0375, 0.033482142857142856, 0.16361607142857143, 0.06361607142857142]}"
32,2021-01-30 18:38:03+00:00,"{""valence"": 0.5426861291486291, ""arousal"": 0.4491233134920634, ""dominance"": 0.4559272907647907, ""emotion"": [0.04801587301587301, 0.10873015873015873, 0.027083333333333334, 0.03650793650793651, 0.014285714285714285, 0.07956349206349206, 0.016666666666666666, 0.09206349206349206]}"
33,2021-02-09 20:01:10+00:00,"{""valence"": 0.6341532627865962, ""arousal"": 0.5116365961199294, ""dominance"": 0.555023015873016, ""emotion"": [0.05004409171075838, 0.10559964726631393, 0.083994708994709, 0.05423280423280422, 0.05180776014109347, 0.04982363315696649, 0.10515873015873016, 0.10559964726631393]}"
34,2021-02-26 02:17:49+00:00,"{""valence"": 0.6165066416040101, ""arousal"": 0.4773422305764411, ""dominance"": 0.5463463659147868, ""emotion"": [0.07167919799498745, 0.06416040100250626, 0.10275689223057644, 0.13433583959899748, 0.06942355889724311, 0.04611528822055138, 0.11152882205513782, 0.015037593984962405]}"
35,2021-03-04 19:45:00+00:00,"{""valence"": 0.6784763157894738, ""arousal"": 0.43859097744360903, ""dominance"": 0.552705388471178, ""emotion"": [0.02368421052631579, 0.05263157894736842, 0.11578947368421051, 0.17593984962406015, 0.0, 0.06140350877192983, 0.22155388471177945, 0.007518796992481203]}"
36,2021-03-11 19:49:58+00:00,"{""valence"": 0.6539101851851853, ""arousal"": 0.49311111111111106, ""dominance"": 0.5727231481481482, ""emotion"": [0.04861111111111111, 0.037037037037037035, 0.08564814814814814, 0.15509259259259262, 0.09953703703703703, 0.05092592592592592, 0.15509259259259262, 0.037037037037037035]}"
37,2021-03-16 21:35:42+00:00,"{""valence"": 0.6510327777777777, ""arousal"": 0.5082444444444444, ""dominance"": 0.6105711111111111, ""emotion"": [0.07111111111111111, 0.08444444444444446, 0.20888888888888887, 0.09277777777777778, 0.030000000000000002, 0.025, 0.14555555555555558, 0.016666666666666666]}"
38,2021-03-19 23:14:05+00:00,"{""valence"": 0.6956439047619049, ""arousal"": 0.47503990476190483, ""dominance"": 0.598374761904762, ""emotion"": [0.03142857142857143, 0.041428571428571426, 0.07238095238095238, 0.08666666666666666, 0.0, 0.02142857142857143, 0.05, 0.02142857142857143]}"
39,2021-03-27 16:13:14+00:00,"{""valence"": 0.5699448412698412, ""arousal"": 0.4964059523809525, ""dominance"": 0.5305630952380952, ""emotion"": [0.15555555555555553, 0.09999999999999999, 0.08412698412698412, 0.11666666666666665, 0.05555555555555555, 0.027777777777777776, 0.13055555555555554, 0.18333333333333335]}"
40,2021-03-30 17:28:33+00:00,"{""valence"": 0.6521821428571428, ""arousal"": 0.5009770833333334, ""dominance"": 0.5824095238095238, ""emotion"": [0.04642857142857143, 0.09375, 0.08392857142857142, 0.08601190476190476, 0.008928571428571428, 0.0, 0.13809523809523808, 0.0125]}"
41,2021-03-31 21:02:45+00:00,"{""valence"": 0.5700336367880486, ""arousal"": 0.48553263305322136, ""dominance"": 0.5150801353874883, ""emotion"": [0.06535947712418301, 0.13447712418300653, 0.04477124183006536, 0.0869281045751634, 0.0, 0.05212418300653594, 0.05947712418300653, 0.07376283846872082]}"
42,2021-04-01 04:55:46+00:00,"{""valence"": 0.5756192129629629, ""arousal"": 0.4989967592592592, ""dominance"": 0.5590856481481481, ""emotion"": [0.10694444444444444, 0.08784722222222223, 0.01736111111111111, 0.046875, 0.024305555555555552, 0.03090277777777778, 0.006944444444444444, 0.07395833333333333]}"
43,2021-04-06 22:23:17+00:00,"{""valence"": 0.6225425465838511, ""arousal"": 0.44601573498964814, ""dominance"": 0.5217751552795031, ""emotion"": [0.08333333333333333, 0.09679089026915114, 0.16304347826086957, 0.12111801242236024, 0.10766045548654245, 0.09057971014492754, 0.09057971014492752, 0.08954451345755694]}"
44,2021-04-15 04:32:09+00:00,"{""valence"": 0.6056458874458875, ""arousal"": 0.4802814935064935, ""dominance"": 0.541626515151515, ""emotion"": [0.1, 0.14285714285714285, 0.045454545454545456, 0.06818181818181818, 0.022727272727272728, 0.08603896103896104, 0.0606060606060606, 0.040584415584415584]}"
45,2021-04-22 21:27:10+00:00,"{""valence"": 0.651524537037037, ""arousal"": 0.45473055555555547, ""dominance"": 0.5428203703703703, ""emotion"": [0.04861111111111111, 0.029166666666666667, 0.023611111111111114, 0.0875, 0.018055555555555557, 0.056944444444444436, 0.05462962962962963, 0.01666666666666667]}"
46,2021-04-30 15:57:27+00:00,"{""valence"": 0.7283595238095238, ""arousal"": 0.5723238095238096, ""dominance"": 0.6115047619047619, ""emotion"": [0.0, 0.08571428571428572, 0.17857142857142858, 0.1238095238095238, 0.11904761904761905, 0.049999999999999996, 0.2761904761904762, 0.0]}"
47,2021-05-07 19:20:08+00:00,"{""valence"": 0.6239489417989419, ""arousal"": 0.5199600529100529, ""dominance"": 0.5296265873015873, ""emotion"": [0.14537037037037037, 0.14814814814814814, 0.1111111111111111, 0.10185185185185185, 0.05555555555555555, 0.07407407407407407, 0.19444444444444445, 0.013888888888888888]}"
48,2021-05-15 19:51:12+00:00,"{""valence"": 0.5757752976190476, ""arousal"": 0.46220639880952374, ""dominance"": 0.4862183035714286, ""emotion"": [0.03125, 0.07142857142857142, 0.07291666666666666, 0.050595238095238096, 0.078125, 0.08333333333333333, 0.020833333333333332, 0.020833333333333332]}"
49,2021-05-20 17:07:12+00:00,"{""valence"": 0.6286548654244307, ""arousal"": 0.5119160455486543, ""dominance"": 0.5708318840579709, ""emotion"": [0.08695652173913043, 0.06159420289855072, 0.05797101449275362, 0.1282608695652174, 0.04606625258799172, 0.043478260869565216, 0.03985507246376811, 0.08695652173913043]}"
50,2021-05-31 18:35:42+00:00,"{""valence"": 0.7072750700280113, ""arousal"": 0.5179114845938376, ""dominance"": 0.5995787114845939, ""emotion"": [0.045098039215686274, 0.05098039215686274, 0.1854341736694678, 0.12324929971988796, 0.058823529411764705, 0.0, 0.1515406162464986, 0.0]}"
51,2021-06-08 17:20:26+00:00,"{""valence"": 0.6361821946169772, ""arousal"": 0.48918343685300214, ""dominance"": 0.5556955486542443, ""emotion"": [0.04710144927536231, 0.05434782608695652, 0.13354037267080746, 0.09979296066252587, 0.04865424430641821, 0.021739130434782608, 0.10921325051759836, 0.010869565217391304]}"
52,2021-06-17 02:55:47+00:00,"{""valence"": 0.5649745614035089, ""arousal"": 0.48024883040935673, ""dominance"": 0.5210692982456141, ""emotion"": [0.06315789473684211, 0.061403508771929814, 0.032163742690058485, 0.049999999999999996, 0.0, 0.08333333333333333, 0.0, 0.09385964912280702]}"
53,2021-06-22 01:38:00+00:00,"{""valence"": 0.6311803113553116, ""arousal"": 0.5074866300366301, ""dominance"": 0.5257297619047618, ""emotion"": [0.03974358974358974, 0.07087912087912088, 0.05036630036630036, 0.03333333333333333, 0.05448717948717948, 0.05897435897435897, 0.10256410256410257, 0.04615384615384615]}"
54,2021-06-29 18:45:40+00:00,"{""valence"": 0.7320090909090908, ""arousal"": 0.482509090909091, ""dominance"": 0.5761681818181819, ""emotion"": [0.01515151515151515, 0.01515151515151515, 0.024242424242424242, 0.1378787878787879, 0.022727272727272728, 0.016666666666666666, 0.03939393939393939, 0.0]}"
55,2021-07-08 22:07:34+00:00,"{""valence"": 0.6470433333333333, ""arousal"": 0.4250300000000001, ""dominance"": 0.52179, ""emotion"": [0.13333333333333333, 0.10555555555555556, 0.21555555555555556, 0.10222222222222221, 0.12444444444444444, 0.06666666666666667, 0.10222222222222221, 0.06666666666666667]}"
56,2021-07-10 21:59:57+00:00,"{""valence"": 0.5993354166666667, ""arousal"": 0.5069072916666667, ""dominance"": 0.5430489583333333, ""emotion"": [0.12604166666666666, 0.14895833333333336, 0.02291666666666667, 0.09166666666666667, 0.125, 0.065625, 0.060416666666666674, 0.06145833333333334]}"
57,2021-07-18 06:22:36+00:00,"{""valence"": 0.6434944700460828, ""arousal"": 0.4682731566820276, ""dominance"": 0.5501946620583716, ""emotion"": [0.06021505376344086, 0.03870967741935484, 0.08901689708141321, 0.04869431643625192, 0.04627496159754224, 0.03225806451612903, 0.04869431643625192, 0.03870967741935484]}"
58,2021-07-30 20:24:40+00:00,"{""valence"": 0.6045175438596492, ""arousal"": 0.4703859649122807, ""dominance"": 0.519828947368421, ""emotion"": [0.07017543859649122, 0.10087719298245613, 0.12719298245614033, 0.11403508771929824, 0.06578947368421052, 0.10964912280701755, 0.11403508771929824, 0.07017543859649122]}"
59,2021-08-07 19:39:32+00:00,"{""valence"": 0.5779654892726321, ""arousal"": 0.5554985871271585, ""dominance"": 0.5786834379905809, ""emotion"": [0.04591836734693877, 0.06972789115646258, 0.21088435374149658, 0.1457352171637886, 0.023809523809523808, 0.04591836734693877, 0.20617477760334904, 0.15306122448979592]}"
60,2021-08-12 00:50:05+00:00,"{""valence"": 0.5546888888888889, ""arousal"": 0.4823944444444445, ""dominance"": 0.5146488888888889, ""emotion"": [0.024444444444444446, 0.04888888888888889, 0.04666666666666666, 0.035555555555555556, 0.0, 0.05555555555555555, 0.01111111111111111, 0.05555555555555555]}"
61,2021-08-14 04:57:45+00:00,"{""valence"": 0.6315271428571427, ""arousal"": 0.49168839285714283, ""dominance"": 0.5657760119047619, ""emotion"": [0.013392857142857142, 0.034999999999999996, 0.1367857142857143, 0.08928571428571427, 0.020535714285714286, 0.04839285714285714, 0.11428571428571428, 0.00625]}"
62,2021-08-21 00:36:50+00:00,"{""valence"": 0.5855700892857142, ""arousal"": 0.5001404761904763, ""dominance"": 0.5339752976190476, ""emotion"": [0.07291666666666666, 0.07142857142857142, 0.12708333333333333, 0.10119047619047619, 0.14583333333333331, 0.08854166666666667, 0.09583333333333333, 0.13392857142857142]}"
63,2021-08-26 18:40:47+00:00,"{""valence"": 0.6529299107142859, ""arousal"": 0.4544486607142857, ""dominance"": 0.5666565476190477, ""emotion"": [0.075, 0.03125, 0.020833333333333332, 0.10416666666666666, 0.0, 0.140625, 0.015625, 0.015625]}"
64,2021-09-01 01:24:30+00:00,"{""valence"": 0.5985634920634921, ""arousal"": 0.5420833333333333, ""dominance"": 0.5390912698412698, ""emotion"": [0.11507936507936507, 0.06746031746031747, 0.11111111111111112, 0.10714285714285712, 0.11904761904761904, 0.11904761904761904, 0.1388888888888889, 0.047619047619047616]}"
65,2021-09-09 16:16:43+00:00,"{""valence"": 0.6090465506715506, ""arousal"": 0.43978528693528685, ""dominance"": 0.5160116300366302, ""emotion"": [0.08827838827838827, 0.06776556776556776, 0.0737179487179487, 0.09081196581196581, 0.01282051282051282, 0.04395604395604395, 0.027777777777777776, 0.07728937728937729]}"
66,2021-09-19 18:26:47+00:00,"{""valence"": 0.6514466666666667, ""arousal"": 0.41690444444444447, ""dominance"": 0.5308277777777779, ""emotion"": [0.05444444444444444, 0.05, 0.12777777777777777, 0.1, 0.04444444444444444, 0.13333333333333333, 0.0911111111111111, 0.02222222222222222]}"
67,2021-09-26 19:10:41+00:00,"{""valence"": 0.565511528822055, ""arousal"": 0.48152017543859654, ""dominance"": 0.5186126566416039, ""emotion"": [0.09210526315789473, 0.09210526315789473, 0.1631578947368421, 0.10263157894736842, 0.12894736842105264, 0.05263157894736842, 0.10263157894736842, 0.03684210526315789]}"
68,2021-10-07 20:00:13+00:00,"{""valence"": 0.52994708994709, ""arousal"": 0.46573247354497366, ""dominance"": 0.5092910052910052, ""emotion"": [0.144510582010582, 0.04265873015873015, 0.03571428571428571, 0.10383597883597884, 0.05555555555555555, 0.13657407407407407, 0.03571428571428571, 0.08101851851851852]}"
69,2021-10-16 03:26:00+00:00,"{""valence"": 0.5329010416666666, ""arousal"": 0.48607083333333334, ""dominance"": 0.5291927083333333, ""emotion"": [0.1375, 0.16666666666666666, 0.140625, 0.12187499999999998, 0.08333333333333333, 0.14583333333333331, 0.015625, 0.0125]}"
70,2021-10-24 20:54:09+00:00,"{""valence"": 0.5650857886904763, ""arousal"": 0.47537492559523803, ""dominance"": 0.49833296130952387, ""emotion"": [0.056249999999999994, 0.050074404761904764, 0.0546875, 0.030729166666666665, 0.015625, 0.1224702380952381, 0.04427083333333333, 0.056249999999999994]}"
71,2021-10-31 20:34:42+00:00,"{""valence"": 0.6731014492753623, ""arousal"": 0.4800500000000001, ""dominance"": 0.5677797101449276, ""emotion"": [0.05797101449275362, 0.0, 0.11304347826086956, 0.17391304347826086, 0.043478260869565216, 0.013043478260869565, 0.1391304347826087, 0.05797101449275362]}"
72,2021-11-11 20:38:17+00:00,"{""valence"": 0.6266613756613757, ""arousal"": 0.49204563492063486, ""dominance"": 0.5008115079365079, ""emotion"": [0.06349206349206349, 0.05555555555555555, 0.09907407407407408, 0.06481481481481483, 0.0, 0.05555555555555555, 0.046296296296296294, 0.11904761904761904]}"
73,2021-11-18 22:45:06+00:00,"{""valence"": 0.6022691511387164, ""arousal"": 0.46883126293995864, ""dominance"": 0.5397520703933747, ""emotion"": [0.04710144927536231, 0.05797101449275362, 0.03260869565217391, 0.06521739130434782, 0.03623188405797101, 0.12215320910973086, 0.0, 0.04710144927536231]}"
74,2021-11-24 18:17:37+00:00,"{""valence"": 0.6464175213675213, ""arousal"": 0.5018072649572649, ""dominance"": 0.5562307692307692, ""emotion"": [0.05641025641025642, 0.059829059829059825, 0.1252136752136752, 0.11196581196581196, 0.06666666666666667, 0.02564102564102564, 0.18076923076923074, 0.015384615384615385]}"
75,2021-11-27 00:49:22+00:00,"{""valence"": 0.5648441176470587, ""arousal"": 0.5430549019607842, ""dominance"": 0.5864990196078431, ""emotion"": [0.15882352941176472, 0.19803921568627453, 0.09803921568627451, 0.12352941176470589, 0.1392156862745098, 0.12941176470588234, 0.09803921568627451, 0.15882352941176472]}"
76,2021-12-02 00:18:43+00:00,"{""valence"": 0.6587228070175439, ""arousal"": 0.4697296992481203, ""dominance"": 0.5754904135338346, ""emotion"": [0.022869674185463658, 0.02412280701754386, 0.10921052631578948, 0.13596491228070173, 0.10087719298245615, 0.03289473684210526, 0.10964912280701752, 0.013157894736842105]}"
77,2021-12-05 23:54:45+00:00,"{""valence"": 0.5986354285714286, ""arousal"": 0.49451609523809525, ""dominance"": 0.5250718095238096, ""emotion"": [0.04476190476190475, 0.015714285714285715, 0.08171428571428571, 0.08504761904761905, 0.027999999999999997, 0.015714285714285715, 0.05371428571428571, 0.04276190476190476]}"
78,2021-12-14 19:51:40+00:00,"{""valence"": 0.5667492063492063, ""arousal"": 0.5123579365079365, ""dominance"": 0.5409785714285714, ""emotion"": [0.1357142857142857, 0.0484126984126984, 0.05777777777777778, 0.12063492063492062, 0.02222222222222222, 0.02619047619047619, 0.035555555555555556, 0.12285714285714285]}"
79,2021-12-18 06:01:20+00:00,"{""valence"": 0.6359583333333334, ""arousal"": 0.5138538888888889, ""dominance"": 0.6014716666666666, ""emotion"": [0.04666666666666666, 0.1, 0.09166666666666666, 0.1638888888888889, 0.05833333333333333, 0.024444444444444446, 0.08888888888888888, 0.07777777777777778]}"
80,2021-12-20 23:06:00+00:00,"{""valence"": 0.6453747412008283, ""arousal"": 0.47941287094547963, ""dominance"": 0.5767177363699103, ""emotion"": [0.01828847481021394, 0.022084195997239476, 0.06211180124223602, 0.11525189786059353, 0.015873015873015872, 0.040027605244996545, 0.04485852311939268, 0.02795031055900621]}"
81,2021-12-23 22:08:28+00:00,"{""valence"": 0.6624821428571429, ""arousal"": 0.46057883597883603, ""dominance"": 0.5359085978835979, ""emotion"": [0.08055555555555555, 0.025, 0.06812169312169311, 0.06018518518518518, 0.032407407407407406, 0.025, 0.11309523809523808, 0.025]}"
82,2021-12-30 03:05:44+00:00,"{""valence"": 0.6221927469135803, ""arousal"": 0.49185401234567894, ""dominance"": 0.5949557098765432, ""emotion"": [0.013888888888888888, 0.07129629629629629, 0.0470679012345679, 0.0933641975308642, 0.006172839506172839, 0.025, 0.09567901234567902, 0.018055555555555557]}"
83,2022-01-05 03:52:25+00:00,"{""valence"": 0.5294243055555555, ""arousal"": 0.44382638888888887, ""dominance"": 0.49661527777777786, ""emotion"": [0.14722222222222223, 0.14097222222222222, 0.13472222222222222, 0.06805555555555555, 0.0375, 0.21388888888888888, 0.0375, 0.18055555555555555]}"
84,2022-01-07 19:53:32+00:00,"{""valence"": 0.6432097069597071, ""arousal"": 0.487967032967033, ""dominance"": 0.5373855311355311, ""emotion"": [0.10714285714285714, 0.1474358974358974, 0.1474358974358974, 0.08333333333333333, 0.11538461538461539, 0.07692307692307693, 0.1282051282051282, 0.1758241758241758]}"
85,2022-01-13 22:42:12+00:00,"{""valence"": 0.6606336438923396, ""arousal"": 0.4311762939958591, ""dominance"": 0.5422566252587991, ""emotion"": [0.05403726708074534, 0.0525879917184265, 0.04244306418219461, 0.060559006211180114, 0.017391304347826087, 0.03809523809523809, 0.04389233954451346, 0.02360248447204969]}"
86,2022-01-14 22:05:36+00:00,"{""valence"": 0.6136379365079365, ""arousal"": 0.4925588888888888, ""dominance"": 0.5333723015873015, ""emotion"": [0.06452380952380951, 0.041666666666666664, 0.009523809523809523, 0.06738095238095237, 0.0484126984126984, 0.025, 0.02666666666666667, 0.175]}"
87,2022-01-15 22:07:31+00:00,"{""valence"": 0.5451077777777777, ""arousal"": 0.4743730687830688, ""dominance"": 0.5206366137566137, ""emotion"": [0.09333333333333332, 0.03407407407407407, 0.03925925925925926, 0.13814814814814816, 0.013333333333333334, 0.13074074074074074, 0.06333333333333332, 0.15407407407407409]}"
88,2022-01-22 03:42:28+00:00,"{""valence"": 0.6173733333333333, ""arousal"": 0.45988087301587305, ""dominance"": 0.5301225714285716, ""emotion"": [0.05333333333333333, 0.057999999999999996, 0.08571428571428572, 0.10071428571428571, 0.06, 0.06355555555555556, 0.065, 0.059111111111111114]}"
89,2022-01-27 23:40:59+00:00,"{""valence"": 0.42817202380952385, ""arousal"": 0.5984569444444444, ""dominance"": 0.4944126984126984, ""emotion"": [0.3333333333333333, 0.24444444444444444, 0.09999999999999999, 0.11666666666666665, 0.11527777777777777, 0.19305555555555554, 0.12083333333333333, 0.36527777777777776]}"
90,2022-01-30 20:57:47+00:00,"{""valence"": 0.5933920426065162, ""arousal"": 0.47104028822055133, ""dominance"": 0.503866290726817, ""emotion"": [0.07675438596491228, 0.13771929824561405, 0.06578947368421052, 0.06798245614035087, 0.006578947368421052, 0.11578947368421051, 0.09304511278195489, 0.07675438596491228]}"
91,2022-02-11 04:15:01+00:00,"{""valence"": 0.7127853174603177, ""arousal"": 0.4677220238095237, ""dominance"": 0.5511506944444445, ""emotion"": [0.03958333333333333, 0.06041666666666667, 0.09722222222222221, 0.0625, 0.06388888888888888, 0.022222222222222223, 0.12152777777777778, 0.020833333333333332]}"
92,2022-02-24 18:17:07+00:00,"{""valence"": 0.6391280701754386, ""arousal"": 0.4968298245614036, ""dominance"": 0.5913105263157895, ""emotion"": [0.021052631578947368, 0.028070175438596492, 0.14035087719298245, 0.09649122807017543, 0.10526315789473684, 0.07368421052631578, 0.18421052631578946, 0.008771929824561403]}"
93,2022-03-05 01:07:31+00:00,"{""valence"": 0.6621793650793651, ""arousal"": 0.45102222222222216, ""dominance"": 0.5660579365079366, ""emotion"": [0.03809523809523809, 0.0738095238095238, 0.27420634920634923, 0.16111111111111115, 0.031746031746031744, 0.049999999999999996, 0.11349206349206346, 0.03809523809523809]}"
94,2022-03-16 00:22:56+00:00,"{""valence"": 0.6059144444444445, ""arousal"": 0.41757206349206333, ""dominance"": 0.49080317460317474, ""emotion"": [0.030000000000000002, 0.036190476190476197, 0.19571428571428573, 0.13682539682539682, 0.030000000000000002, 0.04666666666666666, 0.11238095238095239, 0.043333333333333335]}"
95,2022-03-24 19:36:47+00:00,"{""valence"": 0.623639909297052, ""arousal"": 0.5064897392290251, ""dominance"": 0.5429826814058957, ""emotion"": [0.15238095238095237, 0.06071428571428572, 0.05513038548752834, 0.08140589569160997, 0.02806122448979592, 0.056632653061224496, 0.060997732426303845, 0.11845238095238095]}"
96,2022-03-28 19:32:48+00:00,"{""valence"": 0.6260333333333333, ""arousal"": 0.4705538847117795, ""dominance"": 0.5044766917293234, ""emotion"": [0.07456140350877193, 0.017543859649122806, 0.043859649122807015, 0.05513784461152881, 0.02631578947368421, 0.030701754385964907, 0.06641604010025064, 0.09649122807017543]}"
97,2022-04-10 21:28:15+00:00,"{""valence"": 0.5948663095238096, ""arousal"": 0.48486011904761905, ""dominance"": 0.5357017261904762, ""emotion"": [0.03339285714285715, 0.0943452380952381, 0.04714285714285714, 0.0963690476190476, 0.01, 0.06625, 0.06999999999999999, 0.0875]}"
98,2022-04-18 01:13:15+00:00,"{""valence"": 0.6078480392156861, ""arousal"": 0.4819180672268907, ""dominance"": 0.5140476190476191, ""emotion"": [0.09663865546218486, 0.08823529411764706, 0.01680672268907563, 0.08053221288515405, 0.09663865546218486, 0.19607843137254902, 0.1407563025210084, 0.05252100840336134]}"
99,2022-04-25 20:00:01+00:00,"{""valence"": 0.5854130102040818, ""arousal"": 0.49946879251700677, ""dominance"": 0.5503792517006802, ""emotion"": [0.0429421768707483, 0.03273809523809524, 0.06785714285714285, 0.08460884353741496, 0.0, 0.06845238095238095, 0.011904761904761904, 0.05654761904761905]}"
100,2022-05-01 03:25:42+00:00,"{""valence"": 0.6456049206349206, ""arousal"": 0.47300341269841273, ""dominance"": 0.5119631746031745, ""emotion"": [0.04444444444444444, 0.03888888888888888, 0.1388888888888889, 0.11388888888888889, 0.09722222222222222, 0.07063492063492062, 0.22341269841269842, 0.04285714285714285]}"
101,2022-05-09 20:02:31+00:00,"{""valence"": 0.5996845004668534, ""arousal"": 0.5487821661998131, ""dominance"": 0.5979958450046686, ""emotion"": [0.06470588235294118, 0.026470588235294117, 0.13944911297852475, 0.11003734827264239, 0.03454715219421101, 0.00980392156862745, 0.07376283846872082, 0.029411764705882353]}"
102,2022-05-17 04:53:44+00:00,"{""valence"": 0.5747229024943311, ""arousal"": 0.5016391156462584, ""dominance"": 0.5428225623582766, ""emotion"": [0.046031746031746035, 0.09365079365079365, 0.025396825396825397, 0.07142857142857142, 0.028571428571428574, 0.044444444444444446, 0.08492063492063491, 0.014285714285714287]}"
103,2022-05-25 04:58:20+00:00,"{""valence"": 0.5277748599439775, ""arousal"": 0.4906021708683474, ""dominance"": 0.5258674369747898, ""emotion"": [0.07212885154061624, 0.07773109243697478, 0.035364145658263305, 0.0861344537815126, 0.007352941176470588, 0.015756302521008403, 0.011764705882352941, 0.031512605042016806]}"
104,2022-05-27 02:39:30+00:00,"{""valence"": 0.5185897435897435, ""arousal"": 0.46246431623931616, ""dominance"": 0.5141706654456655, ""emotion"": [0.033424908424908424, 0.10329670329670329, 0.04304029304029304, 0.1274114774114774, 0.02380952380952381, 0.04945054945054945, 0.021978021978021976, 0.02564102564102564]}"
105,2022-05-27 18:27:31+00:00,"{""valence"": 0.5444122294372296, ""arousal"": 0.4774287878787879, ""dominance"": 0.5428314935064935, ""emotion"": [0.11233766233766235, 0.14047619047619045, 0.09177489177489177, 0.15854978354978352, 0.045454545454545456, 0.10854978354978356, 0.045454545454545456, 0.08062770562770562]}"
106,2022-05-28 10:25:22+00:00,"{""valence"": 0.6235425770308124, ""arousal"": 0.45918678804855273, ""dominance"": 0.580095238095238, ""emotion"": [0.063468720821662, 0.05170401493930905, 0.046568627450980386, 0.1611577964519141, 0.028921568627450978, 0.018207282913165267, 0.11085434173669467, 0.0196078431372549]}"
107,2022-05-30 13:08:08+00:00,"{""valence"": 0.5961697278911564, ""arousal"": 0.4597201814058957, ""dominance"": 0.5661428571428571, ""emotion"": [0.06989795918367347, 0.0822562358276644, 0.17080498866213153, 0.10005668934240364, 0.011904761904761904, 0.047619047619047616, 0.06037414965986394, 0.05119047619047619]}"
108,2022-05-31 19:04:07+00:00,"{""valence"": 0.6177311111111111, ""arousal"": 0.49047634920634925, ""dominance"": 0.6118060317460318, ""emotion"": [0.06857142857142857, 0.21412698412698414, 0.13460317460317459, 0.16126984126984126, 0.06793650793650793, 0.05904761904761904, 0.16952380952380952, 0.05523809523809524]}"
109,2022-06-01 19:43:13+00:00,"{""valence"": 0.6660157894736841, ""arousal"": 0.47107218045112775, ""dominance"": 0.5435532581453635, ""emotion"": [0.07080200501253132, 0.1269423558897243, 0.03508771929824561, 0.05664160401002506, 0.09085213032581453, 0.09135338345864662, 0.04824561403508772, 0.04824561403508772]}"
110,2022-06-03 02:14:21+00:00,"{""valence"": 0.5736056547619047, ""arousal"": 0.5129925595238095, ""dominance"": 0.5486986607142857, ""emotion"": [0.13020833333333331, 0.12872023809523808, 0.04538690476190476, 0.08258928571428571, 0.05059523809523809, 0.16666666666666669, 0.11830357142857144, 0.11979166666666667]}"
111,2022-06-07 01:53:29+00:00,"{""valence"": 0.503262987012987, ""arousal"": 0.5393837662337663, ""dominance"": 0.5412123376623376, ""emotion"": [0.20454545454545456, 0.22727272727272724, 0.16818181818181818, 0.11298701298701298, 0.10454545454545454, 0.23636363636363636, 0.2136363636363636, 0.18116883116883115]}"
112,2022-06-08 00:16:44+00:00,"{""valence"": 0.5911776785714287, ""arousal"": 0.43135982142857143, ""dominance"": 0.5026423611111112, ""emotion"": [0.05783730158730158, 0.07609126984126983, 0.09345238095238095, 0.07013888888888889, 0.09047619047619047, 0.03214285714285714, 0.10208333333333335, 0.007142857142857143]}"
113,2022-06-09 22:57:17+00:00,"{""valence"": 0.55170667989418, ""arousal"": 0.46910044642857146, ""dominance"": 0.47509796626984113, ""emotion"": [0.05844907407407407, 0.07250330687830688, 0.022569444444444444, 0.05572089947089947, 0.027199074074074073, 0.08217592592592592, 0.028935185185185185, 0.08217592592592592]}"
114,2022-06-17 19:31:20+00:00,"{""valence"": 0.5614029411764705, ""arousal"": 0.46366568627450977, ""dominance"": 0.5218509803921568, ""emotion"": [0.05784313725490196, 0.10784313725490194, 0.1, 0.10686274509803921, 0.034313725490196074, 0.08823529411764705, 0.053921568627450976, 0.041176470588235294]}"
115,2022-06-23 15:59:32+00:00,"{""valence"": 0.6175666666666666, ""arousal"": 0.5341007407407407, ""dominance"": 0.6118785185185185, ""emotion"": [0.09481481481481482, 0.13407407407407407, 0.1674074074074074, 0.09481481481481481, 0.05555555555555555, 0.02074074074074074, 0.13407407407407407, 0.028148148148148148]}"
116,2022-06-25 04:13:57+00:00,"{""valence"": 0.5559759585652443, ""arousal"": 0.5258796691403834, ""dominance"": 0.5443019480519481, ""emotion"": [0.08418367346938774, 0.1743197278911565, 0.1639455782312925, 0.19918058132343844, 0.06802721088435373, 0.11054421768707483, 0.17877241805813232, 0.10289115646258502]}"
117,2022-06-28 21:29:00+00:00,"{""valence"": 0.5966615079365081, ""arousal"": 0.5186376984126986, ""dominance"": 0.5733587301587302, ""emotion"": [0.10476190476190476, 0.10753968253968253, 0.10912698412698413, 0.126984126984127, 0.04404761904761904, 0.06388888888888888, 0.15833333333333333, 0.07619047619047618]}"
118,2022-07-01 11:57:13+00:00,"{""valence"": 0.5866899404761904, ""arousal"": 0.5212466666666666, ""dominance"": 0.5309071428571428, ""emotion"": [0.07589285714285714, 0.1625, 0.05333333333333333, 0.06553571428571428, 0.04214285714285714, 0.11666666666666665, 0.0688095238095238, 0.01]}"
119,2022-07-07 20:58:26+00:00,"{""valence"": 0.6759358225108226, ""arousal"": 0.4882785714285714, ""dominance"": 0.5705383116883115, ""emotion"": [0.020833333333333332, 0.042478354978354976, 0.06212121212121211, 0.14816017316017316, 0.04734848484848484, 0.027326839826839824, 0.14816017316017316, 0.03598484848484848]}"
120,2022-07-14 03:09:07+00:00,"{""valence"": 0.6281702380952381, ""arousal"": 0.48304155844155844, ""dominance"": 0.5680299783549784, ""emotion"": [0.04318181818181818, 0.06969696969696969, 0.10227272727272728, 0.1318181818181818, 0.0606060606060606, 0.0, 0.1590909090909091, 0.04967532467532467]}"
121,2022-07-25 18:51:56+00:00,"{""valence"": 0.6785308823529412, ""arousal"": 0.5384029411764706, ""dominance"": 0.6055803921568627, ""emotion"": [0.10637254901960783, 0.026470588235294117, 0.07352941176470588, 0.15637254901960784, 0.058823529411764705, 0.046078431372549015, 0.21323529411764705, 0.11666666666666667]}"
122,2022-08-01 20:21:13+00:00,"{""valence"": 0.5787851648351648, ""arousal"": 0.4632587912087913, ""dominance"": 0.5501954212454211, ""emotion"": [0.11538461538461539, 0.0989010989010989, 0.152014652014652, 0.13406593406593406, 0.10897435897435898, 0.0989010989010989, 0.14871794871794872, 0.16483516483516483]}"
123,2022-08-05 13:37:43+00:00,"{""valence"": 0.6703645833333335, ""arousal"": 0.46677780612244907, ""dominance"": 0.5419637755102041, ""emotion"": [0.026785714285714284, 0.02976190476190476, 0.04647108843537414, 0.08728741496598638, 0.04136904761904762, 0.02147108843537415, 0.10633503401360545, 0.008928571428571428]}"
124,2022-08-17 20:09:04+00:00,"{""valence"": 0.5895655172413793, ""arousal"": 0.5205785714285713, ""dominance"": 0.5536220032840722, ""emotion"": [0.0049261083743842365, 0.01354679802955665, 0.07101806239737274, 0.07504105090311988, 0.01354679802955665, 0.01354679802955665, 0.025041050903119862, 0.016420361247947456]}"
125,2022-08-24 20:09:35+00:00,"{""valence"": 0.5401127777777778, ""arousal"": 0.5025522222222222, ""dominance"": 0.5363727777777778, ""emotion"": [0.060000000000000005, 0.18666666666666668, 0.07722222222222223, 0.0661111111111111, 0.024444444444444446, 0.08722222222222221, 0.10833333333333334, 0.07333333333333333]}"
126,2022-08-30 19:24:54+00:00,"{""valence"": 0.5429465608465609, ""arousal"": 0.48152288359788364, ""dominance"": 0.4980712962962963, ""emotion"": [0.12883597883597883, 0.10238095238095238, 0.0, 0.04867724867724868, 0.037037037037037035, 0.09126984126984126, 0.12407407407407407, 0.09126984126984126]}"
127,2022-09-03 01:53:11+00:00,"{""valence"": 0.6869053030303031, ""arousal"": 0.4954090909090908, ""dominance"": 0.5854810606060606, ""emotion"": [0.0, 0.01515151515151515, 0.011363636363636364, 0.10984848484848485, 0.01515151515151515, 0.007575757575757575, 0.10984848484848485, 0.007575757575757575]}"
128,2022-09-13 01:33:59+00:00,"{""valence"": 0.6342611111111112, ""arousal"": 0.5276611111111111, ""dominance"": 0.5664777777777776, ""emotion"": [0.08333333333333333, 0.05, 0.15, 0.08333333333333333, 0.15, 0.06666666666666667, 0.15, 0.12222222222222222]}"
129,2022-09-22 00:32:36+00:00,"{""valence"": 0.6385533333333333, ""arousal"": 0.4774749999999999, ""dominance"": 0.5496383333333333, ""emotion"": [0.0, 0.01, 0.11166666666666666, 0.095, 0.05, 0.01, 0.12166666666666667, 0.008333333333333333]}"
130,2022-10-01 15:45:07+00:00,"{""valence"": 0.6010842857142857, ""arousal"": 0.4520395238095238, ""dominance"": 0.49441023809523815, ""emotion"": [0.03333333333333333, 0.05333333333333333, 0.08, 0.05071428571428571, 0.05571428571428571, 0.07476190476190477, 0.105, 0.05904761904761904]}"
131,2022-10-13 21:31:24+00:00,"{""valence"": 0.6232136684303351, ""arousal"": 0.45241575543797763, ""dominance"": 0.5361236037624926, ""emotion"": [0.04291593180482069, 0.02792475014697237, 0.04650205761316873, 0.05214579659024103, 0.022633744855967076, 0.06613756613756615, 0.06125808348030571, 0.027042915931804815]}"
132,2022-10-21 01:25:48+00:00,"{""valence"": 0.6837777777777779, ""arousal"": 0.4551888888888888, ""dominance"": 0.5092555555555556, ""emotion"": [0.036752136752136746, 0.023931623931623933, 0.07692307692307693, 0.22478632478632482, 0.057692307692307696, 0.0452991452991453, 0.20512820512820512, 0.027777777777777776]}"
133,2022-10-22 22:04:31+00:00,"{""valence"": 0.6242409257409258, ""arousal"": 0.5040214785214784, ""dominance"": 0.5248628038628039, ""emotion"": [0.08724608724608725, 0.0844988344988345, 0.13278388278388278, 0.10256410256410256, 0.038461538461538464, 0.06984681984681984, 0.08974358974358973, 0.043623043623043624]}"
134,2022-10-27 17:27:10+00:00,"{""valence"": 0.748293956043956, ""arousal"": 0.47333095238095246, ""dominance"": 0.6010650183150184, ""emotion"": [0.0, 0.015384615384615385, 0.12637362637362637, 0.1456043956043956, 0.0, 0.03076923076923077, 0.17838827838827837, 0.0]}"
